Date,Open,High,Low,Close,Volume
2025-04-25 13:30:00,206.35,209.07,206.2,208.21,36809.8
2025-04-25 14:00:00,208.23,209.25,206.51,207.31,37805.21
2025-04-25 15:00:00,207.31,207.64,206.66,207.5,21574.58
2025-04-25 16:00:00,207.49,208.9,207.47,208.68,19524.86
2025-04-25 17:00:00,208.66,209.42,207.33,208.1,25294.76
2025-04-25 18:00:00,208.09,208.83,207.9,208.38,15390.23
2025-04-25 19:00:00,208.38,209.75,207.87,209.23,42096.86
2025-04-28 13:30:00,210.06,211.5,208.95,209.39,41002.86
2025-04-28 14:00:00,209.39,209.82,208.73,209.04,31980.18
2025-04-28 15:00:00,209.03,209.53,207.58,207.96,24747.76
2025-04-28 16:00:00,207.95,208.73,207.46,208.45,17036.3
2025-04-28 17:00:00,208.43,209.86,207.91,209.75,18367.26
2025-04-28 18:00:00,209.73,210.1,209.46,209.84,18877.64
2025-04-28 19:00:00,209.87,211.5,209.8,210.09,38358.5
2025-04-29 13:30:00,208.8,211.25,208.37,210.8,25253.33
2025-04-29 14:00:00,210.81,212.24,210.33,211.61,34921.41
2025-04-29 15:00:00,211.62,211.8,210.4,210.62,19259.73
2025-04-29 16:00:00,210.62,211.33,209.35,209.73,19017.87
2025-04-29 17:00:00,209.74,211.75,209.5,211.58,17190.94
2025-04-29 18:00:00,211.59,211.97,211.16,211.3,16061.73
2025-04-29 19:00:00,211.3,211.9,210.95,211.24,34745.96
2025-04-30 13:30:00,209.26,209.72,206.67,207.14,31211.7
2025-04-30 14:00:00,207.19,209.75,207.14,209.64,28716.03
2025-04-30 15:00:00,209.59,211.13,209.56,211.05,23707.32
2025-04-30 16:00:00,211.04,211.36,210.22,210.92,17626.2
2025-04-30 17:00:00,210.92,211.85,209.8,211.1,18172.59
2025-04-30 18:00:00,211.13,212.97,210.31,210.65,27067.87
2025-04-30 19:00:00,210.66,213.58,210.05,212.49,62135.83
2025-05-01 13:30:00,209.08,212.5,208.9,210.68,50682.05
2025-05-01 14:00:00,210.8,213.09,209.71,212.89,47963.91
2025-05-01 15:00:00,212.89,214.27,211.41,211.58,35639.3
2025-05-01 16:00:00,211.6,212.85,211.53,212.14,23037.26
2025-05-01 17:00:00,212.12,212.88,212.06,212.59,18568.28
2025-05-01 18:00:00,212.59,213.2,212.52,212.55,21543.27
2025-05-01 19:00:00,212.55,214.56,212.3,212.83,70508.37
2025-05-02 13:30:00,206.09,206.43,202.16,203.79,146776.14
2025-05-02 14:00:00,203.77,206.99,203.25,205.18,117041.06
2025-05-02 15:00:00,205.19,205.73,204.6,205.48,53652.62
2025-05-02 16:00:00,205.49,206.58,204.86,204.94,68327.92
2025-05-02 17:00:00,204.93,205.83,204.15,205.4,51043.51
2025-05-02 18:00:00,205.39,205.61,204.09,204.18,48521.22
2025-05-02 19:00:00,204.17,205.5,203.66,205.3,104501.11
2025-05-05 13:30:00,203.1,204.1,199.5,199.73,68605.49
2025-05-05 14:00:00,199.76,200.34,198.21,198.93,80389.73
2025-05-05 15:00:00,198.91,199.65,198.5,199.28,50906.62
2025-05-05 16:00:00,199.28,200.04,199.1,199.89,39370.78
2025-05-05 17:00:00,199.88,200.64,199.67,200.37,35376.49
2025-05-05 18:00:00,200.37,201.16,200.16,200.53,32951.37
2025-05-05 19:00:00,200.52,200.52,198.51,198.77,73203.79
2025-05-06 13:30:00,198.17,199.88,197.02,197.65,55011.7
2025-05-06 14:00:00,197.66,199.51,197.65,198.3,50153.5
2025-05-06 15:00:00,198.27,199.45,197.95,198.81,35080.08
2025-05-06 16:00:00,198.83,200.65,198.7,199.5,33695.82
2025-05-06 17:00:00,199.52,200.03,198.69,199.01,23760.1
2025-05-06 18:00:00,199.03,199.85,198.8,199.85,23225.89
2025-05-06 19:00:00,199.84,200.17,198.37,198.41,46737.2
2025-05-07 13:30:00,199.17,199.37,197.35,197.81,41530.21
2025-05-07 14:00:00,197.81,199.44,197.44,197.47,38602.31
2025-05-07 15:00:00,197.48,197.51,193.25,195.11,104726.76
2025-05-07 16:00:00,195.1,195.78,194.51,195.62,40327.02
2025-05-07 17:00:00,195.62,195.76,194.23,194.66,28429.5
2025-05-07 18:00:00,194.62,195.71,193.3,195.44,40631.9
2025-05-07 19:00:00,195.44,197.47,194.12,196.22,63814.89
2025-05-08 13:30:00,197.73,198.13,196.08,196.15,37231.47
2025-05-08 14:00:00,196.17,197.25,194.67,196.62,57653.19
2025-05-08 15:00:00,196.58,199.75,196.41,199.34,50888.74
2025-05-08 16:00:00,199.34,200.05,199.01,199.72,32767.97
2025-05-08 17:00:00,199.72,199.85,198.3,198.32,23789.91
2025-05-08 18:00:00,198.32,199.26,198.08,198.62,26541.4
2025-05-08 19:00:00,198.62,199.69,197.16,197.4,57114.17
2025-05-09 13:30:00,199.0,200.54,198.39,199.75,37221.34
2025-05-09 14:00:00,199.75,200.24,197.53,198.38,46418.57
2025-05-09 15:00:00,198.38,199.18,198.14,198.76,27102.36
2025-05-09 16:00:00,198.72,198.76,197.75,197.97,22373.12
2025-05-09 17:00:00,197.96,198.82,197.6,198.71,22336.73
2025-05-09 18:00:00,198.71,199.14,198.47,198.93,19134.77
2025-05-09 19:00:00,198.93,199.43,198.34,198.54,41906.13
2025-05-12 13:30:00,211.04,211.26,206.75,208.53,98654.88
2025-05-12 14:00:00,208.53,210.23,208.46,209.12,82647.78
2025-05-12 15:00:00,209.12,209.13,208.11,208.43,35529.47
2025-05-12 16:00:00,208.43,209.56,208.25,209.23,29103.08
2025-05-12 17:00:00,209.23,210.88,209.2,210.62,33050.57
2025-05-12 18:00:00,210.64,211.15,210.48,210.62,31069.89
2025-05-12 19:00:00,210.61,210.92,209.92,210.83,63081.69
2025-05-13 13:30:00,210.37,211.61,209.0,209.93,52097.64
2025-05-13 14:00:00,209.93,211.88,209.78,211.5,53218.92
2025-05-13 15:00:00,211.51,211.61,210.48,210.89,34887.1
2025-05-13 16:00:00,210.9,211.64,210.65,211.48,23213.9
2025-05-13 17:00:00,211.5,212.97,211.35,212.5,34321.96
2025-05-13 18:00:00,212.5,212.75,212.03,212.55,25287.99
2025-05-13 19:00:00,212.53,213.4,212.45,212.84,56971.59
2025-05-14 13:30:00,212.43,213.61,211.85,213.11,48430.65
2025-05-14 14:00:00,213.11,213.94,212.37,212.98,47425.39
2025-05-14 15:00:00,212.98,213.1,211.88,212.39,30653.75
2025-05-14 16:00:00,212.38,212.64,211.97,212.01,21661.68
2025-05-14 17:00:00,212.0,212.03,210.58,211.7,32362.81
2025-05-14 18:00:00,211.7,212.05,211.19,211.4,24906.88
2025-05-14 19:00:00,211.4,212.68,210.99,212.41,61175.02
2025-05-15 13:30:00,210.95,212.53,210.08,210.42,42003.44
2025-05-15 14:00:00,210.45,211.94,209.54,211.92,41590.2
2025-05-15 15:00:00,211.93,212.96,211.27,211.96,37937.36
2025-05-15 16:00:00,211.96,212.25,211.21,212.04,24467.33
2025-05-15 17:00:00,212.03,212.28,211.04,211.18,21930.87
2025-05-15 18:00:00,211.18,211.33,210.25,210.65,28694.99
2025-05-15 19:00:00,210.66,211.47,210.15,211.45,60223.06
2025-05-16 13:30:00,212.36,212.57,211.01,211.75,63859.55
2025-05-16 14:00:00,211.72,211.93,209.77,210.23,43102.09
2025-05-16 15:00:00,210.24,210.92,209.9,210.67,28483.54
2025-05-16 16:00:00,210.67,211.17,210.45,210.91,19867.16
2025-05-16 17:00:00,210.91,211.42,210.73,210.98,18477.97
2025-05-16 18:00:00,210.98,211.9,210.92,211.53,22898.95
2025-05-16 19:00:00,211.52,211.93,211.11,211.19,38550.98
2025-05-19 13:30:00,207.78,208.27,204.26,205.73,72141.22
2025-05-19 14:00:00,205.72,207.59,205.67,207.54,56915.61
2025-05-19 15:00:00,207.55,208.04,206.96,207.63,27333.91
2025-05-19 16:00:00,207.64,208.72,207.58,208.57,24595.35
2025-05-19 17:00:00,208.57,209.48,208.35,208.41,24188.38
2025-05-19 18:00:00,208.42,208.74,207.78,208.66,21135.18
2025-05-19 19:00:00,208.67,208.93,207.96,208.76,41260.24
2025-05-20 13:30:00,207.67,208.3,206.47,207.51,39800.86
2025-05-20 14:00:00,207.48,208.47,207.09,207.59,34010.47
2025-05-20 15:00:00,207.58,208.43,207.0,207.92,33048.4
2025-05-20 16:00:00,207.91,208.08,207.4,207.61,20191.06
2025-05-20 17:00:00,207.61,207.74,206.68,206.85,25511.89
2025-05-20 18:00:00,206.84,206.86,205.21,205.33,37794.11
2025-05-20 19:00:00,205.35,206.94,205.03,206.87,45696.31
2025-05-21 13:30:00,205.17,205.77,204.06,205.44,37509.91
2025-05-21 14:00:00,205.43,206.78,205.03,206.19,39544.17
2025-05-21 15:00:00,206.18,207.04,205.99,206.0,29037.38
2025-05-21 16:00:00,206.0,206.27,205.0,205.16,27806.89
2025-05-21 17:00:00,205.18,205.28,201.81,203.09,111975.45
2025-05-21 18:00:00,203.1,203.27,200.9,201.39,53604.0
2025-05-21 19:00:00,201.39,202.5,200.71,202.06,74541.96
2025-05-22 13:30:00,200.71,201.45,199.78,201.2,59056.22
2025-05-22 14:00:00,201.21,201.64,200.25,200.87,52540.68
2025-05-22 15:00:00,200.85,202.29,200.65,201.75,36934.12
2025-05-22 16:00:00,201.75,202.41,201.6,201.63,24605.52
2025-05-22 17:00:00,201.64,202.18,201.16,201.89,26294.97
2025-05-22 18:00:00,201.89,202.26,201.64,202.13,29531.84
2025-05-22 19:00:00,202.12,202.75,201.0,201.37,63153.4
2025-05-23 13:30:00,193.67,197.1,193.46,196.37,120985.97
2025-05-23 14:00:00,196.34,197.7,195.69,195.93,85683.86
2025-05-23 15:00:00,195.94,197.13,195.8,196.2,47339.05
2025-05-23 16:00:00,196.2,196.67,195.63,196.1,47625.29
2025-05-23 17:00:00,196.1,196.68,195.58,195.98,48217.49
2025-05-23 18:00:00,195.97,196.53,195.0,195.53,48116.09
2025-05-23 19:00:00,195.52,195.97,195.01,195.34,89894.31
2025-05-27 13:30:00,198.29,199.17,197.43,198.07,55782.8
2025-05-27 14:00:00,198.08,198.88,197.93,198.16,59467.07
2025-05-27 15:00:00,198.17,200.1,198.1,200.07,50895.35
2025-05-27 16:00:00,200.07,200.65,199.89,200.04,42986.8
2025-05-27 17:00:00,200.05,200.55,199.67,200.54,32341.93
2025-05-27 18:00:00,200.54,200.74,200.22,200.46,30763.68
2025-05-27 19:00:00,200.45,200.55,199.93,200.2,62890.05
2025-05-28 13:30:00,200.53,202.73,199.9,200.08,57003.2
2025-05-28 14:00:00,200.07,201.05,200.0,200.8,46552.14
2025-05-28 15:00:00,200.79,201.31,200.58,200.91,26594.79
2025-05-28 16:00:00,200.91,201.35,200.82,201.08,18747.44
2025-05-28 17:00:00,201.09,201.52,200.73,200.86,20729.2
2025-05-28 18:00:00,200.86,201.25,200.32,200.89,19859.94
2025-05-28 19:00:00,200.88,201.53,200.19,200.41,49827.0
2025-05-29 13:30:00,203.49,203.81,201.0,201.34,57084.13
2025-05-29 14:00:00,201.33,201.67,200.76,201.46,46721.34
2025-05-29 15:00:00,201.45,201.49,198.7,198.87,45785.32
2025-05-29 16:00:00,198.86,200.21,198.51,200.1,33668.74
2025-05-29 17:00:00,200.09,200.45,199.06,199.21,31417.17
2025-05-29 18:00:00,199.21,199.77,198.76,198.92,30546.69
2025-05-29 19:00:00,198.92,200.31,198.57,199.94,58948.01
2025-05-30 13:30:00,199.39,199.57,197.98,198.25,35616.83
2025-05-30 14:00:00,198.22,199.49,198.15,199.03,35187.61
2025-05-30 15:00:00,199.03,199.44,198.61,198.88,22090.13
2025-05-30 16:00:00,198.88,198.99,196.78,197.36,40925.09
2025-05-30 17:00:00,197.34,198.47,197.17,198.22,24795.55
2025-05-30 18:00:00,198.22,199.36,198.18,199.32,25733.33
2025-05-30 19:00:00,199.32,201.96,199.28,200.65,101342.99
2025-06-02 13:30:00,200.28,202.13,200.15,201.11,42355.3
2025-06-02 14:00:00,201.06,201.49,200.12,201.44,35051.44
2025-06-02 15:00:00,201.43,201.99,200.3,201.0,30615.65
2025-06-02 16:00:00,201.01,201.17,200.57,200.89,16775.33
2025-06-02 17:00:00,200.9,201.12,200.58,200.9,15980.79
2025-06-02 18:00:00,200.9,201.53,200.63,201.27,19427.97
2025-06-02 19:00:00,201.27,201.82,201.14,201.79,37236.32
2025-06-03 13:30:00,201.35,203.06,200.95,202.55,45565.97
2025-06-03 14:00:00,202.58,203.24,201.52,202.06,41707.24
2025-06-03 15:00:00,202.06,202.97,202.06,202.93,29805.14
2025-06-03 16:00:00,202.94,203.75,202.59,203.15,34100.72
2025-06-03 17:00:00,203.15,203.77,202.4,203.22,24787.9
2025-06-03 18:00:00,203.22,203.41,202.5,203.4,21337.61
2025-06-03 19:00:00,203.4,203.47,202.98,203.34,41568.9
2025-06-04 13:30:00,202.97,205.36,202.65,205.06,49899.04
2025-06-04 14:00:00,205.06,206.24,203.99,204.28,55688.69
2025-06-04 15:00:00,204.29,204.71,202.1,203.36,55334.25
2025-06-04 16:00:00,203.35,203.39,202.61,203.2,23668.18
2025-06-04 17:00:00,203.22,203.59,202.85,203.29,20891.07
2025-06-04 18:00:00,203.29,203.45,202.76,202.94,18242.93
2025-06-04 19:00:00,202.93,203.45,202.75,202.89,39345.59
2025-06-05 13:30:00,203.56,203.84,201.35,201.56,39196.74
2025-06-05 14:00:00,201.56,203.33,201.34,203.2,53709.59
2025-06-05 15:00:00,203.2,204.75,203.06,204.17,41438.86
2025-06-05 16:00:00,204.17,204.39,201.69,201.84,32050.79
2025-06-05 17:00:00,201.84,202.9,201.55,202.37,24218.57
2025-06-05 18:00:00,202.37,202.74,201.15,202.35,24680.0
2025-06-05 19:00:00,202.34,202.41,200.15,200.63,70629.7
2025-06-06 13:30:00,203.0,205.7,202.98,204.54,59237.22
2025-06-06 14:00:00,204.57,204.75,203.12,203.15,38780.53
2025-06-06 15:00:00,203.14,204.06,202.86,203.05,30473.43
2025-06-06 16:00:00,203.05,203.19,202.05,202.7,26520.33
2025-06-06 17:00:00,202.69,204.15,202.61,204.06,25419.82
2025-06-06 18:00:00,204.06,205.47,204.04,205.27,34437.88
2025-06-06 19:00:00,205.25,205.3,203.89,203.93,59126.57
2025-06-09 13:30:00,204.47,205.55,203.98,204.83,39510.18
2025-06-09 14:00:00,204.85,206.0,204.53,204.72,47977.28
2025-06-09 15:00:00,204.72,204.94,204.26,204.46,27253.22
2025-06-09 16:00:00,204.47,204.91,203.73,204.7,39919.52
2025-06-09 17:00:00,204.71,205.3,200.02,202.47,171809.1
2025-06-09 18:00:00,202.45,202.67,200.63,201.52,77379.62
2025-06-09 19:00:00,201.54,202.36,200.84,201.44,82577.77
2025-06-10 13:30:00,200.56,203.15,200.56,202.2,63419.18
2025-06-10 14:00:00,202.2,204.35,202.18,204.27,60121.86
2025-06-10 15:00:00,204.26,204.32,202.3,202.92,39718.78
2025-06-10 16:00:00,202.93,203.17,202.07,202.59,29106.26
2025-06-10 17:00:00,202.59,202.65,201.31,201.75,43065.45
2025-06-10 18:00:00,201.75,203.08,201.36,202.66,35651.55
2025-06-10 19:00:00,202.68,203.23,202.09,202.75,50818.99
2025-06-11 13:30:00,203.5,204.5,202.5,202.78,46328.92
2025-06-11 14:00:00,202.8,203.03,201.91,202.14,51244.43
2025-06-11 15:00:00,202.13,202.25,200.62,200.75,59023.66
2025-06-11 16:00:00,200.73,200.84,199.65,200.67,56290.55
2025-06-11 17:00:00,200.65,201.24,199.81,199.91,35234.5
2025-06-11 18:00:00,199.91,200.0,198.71,199.07,52076.91
2025-06-11 19:00:00,199.08,199.37,198.41,198.85,73689.29
2025-06-12 13:30:00,199.08,199.39,197.73,197.94,48847.69
2025-06-12 14:00:00,197.94,198.58,197.36,198.28,47811.41
2025-06-12 15:00:00,198.26,198.93,197.75,198.31,37940.17
2025-06-12 16:00:00,198.3,198.97,198.08,198.56,29222.54
2025-06-12 17:00:00,198.56,199.68,198.46,198.94,29669.87
2025-06-12 18:00:00,198.96,199.19,198.54,198.99,24651.13
2025-06-12 19:00:00,198.98,199.2,198.4,199.2,39791.22
2025-06-13 13:30:00,199.83,200.37,196.76,196.9,66571.57
2025-06-13 14:00:00,196.93,197.4,195.91,197.11,60958.37
2025-06-13 15:00:00,197.11,197.88,196.98,197.69,33511.48
2025-06-13 16:00:00,197.68,198.05,197.08,197.45,30143.58
2025-06-13 17:00:00,197.43,197.71,196.91,197.54,21683.68
2025-06-13 18:00:00,197.54,197.69,195.81,196.47,41269.26
2025-06-13 19:00:00,196.46,196.69,195.7,196.45,59846.35
2025-06-16 13:30:00,197.28,198.35,196.56,198.34,50037.3
2025-06-16 14:00:00,198.35,198.69,197.64,198.22,44685.44
2025-06-16 15:00:00,198.23,198.23,196.87,197.37,39290.53
2025-06-16 16:00:00,197.37,197.63,197.02,197.52,19717.61
2025-06-16 17:00:00,197.51,198.19,197.33,197.85,23122.04
2025-06-16 18:00:00,197.86,198.4,197.77,198.32,18626.5
2025-06-16 19:00:00,198.32,198.49,197.66,198.37,51379.35
2025-06-17 13:30:00,197.2,197.93,196.25,196.82,38741.02
2025-06-17 14:00:00,196.82,197.91,196.69,197.38,31599.0
2025-06-17 15:00:00,197.38,198.39,197.34,197.78,26178.54
2025-06-17 16:00:00,197.78,198.15,196.68,196.78,23712.4
2025-06-17 17:00:00,196.77,196.86,195.92,196.12,27303.61
2025-06-17 18:00:00,196.11,196.12,195.21,195.84,25468.07
2025-06-17 19:00:00,195.85,195.94,195.44,195.64,43468.21
2025-06-18 13:30:00,195.92,196.47,195.07,196.38,35455.18
2025-06-18 14:00:00,196.4,197.57,196.21,197.25,41934.73
2025-06-18 15:00:00,197.24,197.3,196.5,196.82,25865.11
2025-06-18 16:00:00,196.82,197.23,196.42,196.46,16518.59
2025-06-18 17:00:00,196.45,196.86,195.8,196.5,22471.07
2025-06-18 18:00:00,196.46,196.98,195.11,195.36,31730.82
2025-06-18 19:00:00,195.37,197.11,195.14,196.24,80464.42
2025-06-20 13:30:00,198.12,200.95,197.52,199.84,156929.33
2025-06-20 14:00:00,199.84,199.94,197.03,197.28,49925.88
2025-06-20 15:00:00,197.26,199.0,196.85,198.08,46789.44
2025-06-20 16:00:00,198.07,198.94,197.9,198.81,28165.1
2025-06-20 17:00:00,198.81,199.41,198.07,199.14,32415.47
2025-06-20 18:00:00,199.15,200.19,199.11,199.71,41176.81
2025-06-20 19:00:00,199.71,201.7,199.6,200.92,110108.57
2025-06-23 13:30:00,201.59,201.91,199.94,201.73,53701.1
2025-06-23 14:00:00,201.72,202.3,200.38,200.46,50682.87
2025-06-23 15:00:00,200.47,200.88,199.51,199.88,38620.66
2025-06-23 16:00:00,199.88,200.54,198.96,199.71,32640.87
2025-06-23 17:00:00,199.72,201.82,199.58,201.23,32718.3
2025-06-23 18:00:00,201.25,202.24,201.23,201.43,27893.98
2025-06-23 19:00:00,201.42,201.84,201.05,201.55,42056.25
2025-06-24 13:30:00,202.59,202.78,200.22,200.42,61486.95
2025-06-24 14:00:00,200.43,201.58,200.2,200.98,46568.28
2025-06-24 15:00:00,200.98,202.09,200.73,201.91,32163.6
2025-06-24 16:00:00,201.91,203.44,201.81,202.44,52297.2
2025-06-24 17:00:00,202.42,202.54,201.84,202.21,32250.21
2025-06-24 18:00:00,202.21,202.27,201.3,201.45,34682.39
2025-06-24 19:00:00,201.45,202.02,200.27,200.29,76547.3
2025-06-25 13:30:00,201.45,203.67,201.2,201.8,57424.39
2025-06-25 14:00:00,201.76,203.18,201.24,202.46,47562.79
2025-06-25 15:00:00,202.44,202.56,201.82,201.98,25351.04
2025-06-25 16:00:00,201.99,202.2,201.4,202.06,20051.19
2025-06-25 17:00:00,202.06,202.09,200.62,201.0,26600.72
2025-06-25 18:00:00,201.0,201.5,200.85,201.07,16344.32
2025-06-25 19:00:00,201.07,201.62,200.88,201.6,41499.05
2025-06-26 13:30:00,201.44,202.64,199.66,201.0,56268.24
2025-06-26 14:00:00,201.02,201.35,199.65,200.28,53138.52
2025-06-26 15:00:00,200.3,200.51,199.46,200.0,40004.54
2025-06-26 16:00:00,200.0,200.79,199.82,199.99,33435.06
2025-06-26 17:00:00,200.0,200.71,199.63,200.63,33811.13
2025-06-26 18:00:00,200.64,201.36,200.43,201.04,37242.17
2025-06-26 19:00:00,201.03,201.56,200.75,200.94,61143.23
2025-06-27 13:30:00,201.92,203.22,201.25,202.8,53693.28
2025-06-27 14:00:00,202.85,202.99,200.85,201.2,62369.62
2025-06-27 15:00:00,201.2,202.05,200.95,201.88,34455.2
2025-06-27 16:00:00,201.88,202.63,201.57,202.6,31636.26
2025-06-27 17:00:00,202.58,202.7,200.93,201.37,39901.81
2025-06-27 18:00:00,201.38,201.66,200.79,200.91,37081.26
2025-06-27 19:00:00,200.91,201.44,200.0,201.1,67919.61
2025-06-30 13:30:00,202.06,202.19,200.55,200.76,43180.27
2025-06-30 14:00:00,200.75,201.38,199.59,199.97,60068.28
2025-06-30 15:00:00,199.97,200.29,199.63,200.03,37302.64
2025-06-30 16:00:00,200.04,200.48,199.84,200.12,27286.94
2025-06-30 17:00:00,200.12,200.34,199.9,200.27,29526.18
2025-06-30 18:00:00,200.28,202.43,199.26,201.92,78536.25
2025-06-30 19:00:00,201.91,207.39,201.88,205.12,264931.37
2025-07-01 13:30:00,206.72,209.11,206.14,209.08,132853.33
2025-07-01 14:00:00,209.06,209.9,207.47,208.96,120787.64
2025-07-01 15:00:00,208.96,210.19,206.79,207.3,85533.13
2025-07-01 16:00:00,207.3,208.53,207.14,207.18,50102.31
2025-07-01 17:00:00,207.18,208.37,207.09,208.15,36663.9
2025-07-01 18:00:00,208.15,208.43,207.85,208.01,29750.24
2025-07-01 19:00:00,208.02,208.35,207.37,207.86,61052.08
2025-07-02 13:30:00,208.99,213.34,208.14,212.62,127781.44
2025-07-02 14:00:00,212.63,212.97,211.27,211.91,100307.86
2025-07-02 15:00:00,211.92,212.59,211.23,211.55,51628.91
2025-07-02 16:00:00,211.56,211.92,210.22,211.11,48635.26
2025-07-02 17:00:00,211.1,211.72,210.43,211.61,32883.6
2025-07-02 18:00:00,211.61,212.5,211.16,212.27,34798.33
2025-07-02 19:00:00,212.27,212.96,211.84,212.41,81062.53
2025-07-03 13:30:00,212.07,213.79,211.81,213.33,56685.43
2025-07-03 14:00:00,213.33,214.41,213.04,213.96,69585.32
2025-07-03 15:00:00,213.97,214.65,213.67,214.33,45480.51
2025-07-03 16:00:00,214.34,214.5,213.33,213.59,47317.85
2025-07-07 13:30:00,212.72,216.23,212.47,212.94,67750.44
2025-07-07 14:00:00,212.93,213.12,211.6,212.11,47484.06
2025-07-07 15:00:00,212.12,212.6,211.53,211.75,29326.19
2025-07-07 16:00:00,211.74,212.22,209.93,210.64,43388.83
2025-07-07 17:00:00,210.64,210.8,209.52,210.05,31564.99
2025-07-07 18:00:00,210.06,210.21,208.8,209.76,34879.74
2025-07-07 19:00:00,209.77,210.25,209.19,209.94,51553.61
2025-07-08 13:30:00,210.1,210.49,208.48,208.66,44768.7
2025-07-08 14:00:00,208.65,210.83,208.45,210.73,47090.29
2025-07-08 15:00:00,210.73,211.43,209.78,210.55,38551.84
2025-07-08 16:00:00,210.56,211.19,210.26,210.38,25922.42
2025-07-08 17:00:00,210.37,210.44,209.32,209.85,26274.81
2025-07-08 18:00:00,209.81,210.26,209.56,209.7,17907.21
2025-07-08 19:00:00,209.7,210.81,209.3,210.03,45648.8
2025-07-09 13:30:00,209.53,210.9,209.35,209.86,43457.15
2025-07-09 14:00:00,209.88,210.5,207.45,207.65,57676.07
2025-07-09 15:00:00,207.64,207.98,207.22,207.73,50055.93
2025-07-09 16:00:00,207.74,208.45,207.53,208.21,30461.38
2025-07-09 17:00:00,208.21,209.38,207.97,209.24,30536.81
2025-07-09 18:00:00,209.21,210.06,209.15,209.94,29788.91
2025-07-09 19:00:00,209.94,211.33,209.64,211.1,64340.6
2025-07-10 13:30:00,210.44,211.29,210.03,211.28,39175.83
2025-07-10 14:00:00,211.27,213.48,210.71,212.36,79257.13
2025-07-10 15:00:00,212.37,213.32,212.23,212.39,43149.66
2025-07-10 16:00:00,212.38,212.4,211.83,212.02,31740.91
2025-07-10 17:00:00,212.02,213.16,211.93,212.37,25576.25
2025-07-10 18:00:00,212.39,213.15,212.31,212.94,20986.19
2025-07-10 19:00:00,212.92,213.44,212.05,212.44,43904.12
2025-07-11 13:30:00,210.43,211.13,209.86,210.99,43373.06
2025-07-11 14:00:00,210.99,212.13,210.8,210.96,38898.24
2025-07-11 15:00:00,210.95,211.21,210.42,210.67,32242.23
2025-07-11 16:00:00,210.68,211.08,210.45,211.02,22041.91
2025-07-11 17:00:00,211.01,211.29,210.9,211.21,17035.96
2025-07-11 18:00:00,211.2,211.66,211.03,211.14,18636.39
2025-07-11 19:00:00,211.13,211.41,210.62,211.08,43355.05
2025-07-14 13:30:00,209.93,210.91,207.67,207.89,55839.27
2025-07-14 14:00:00,207.9,208.78,207.54,208.49,46958.55
2025-07-14 15:00:00,208.48,209.15,208.2,208.84,31950.76
2025-07-14 16:00:00,208.83,209.25,208.68,208.9,18476.65
2025-07-14 17:00:00,208.89,209.33,208.76,209.16,19514.78
2025-07-14 18:00:00,209.16,209.45,208.96,209.31,18289.57
2025-07-14 19:00:00,209.31,209.36,208.52,208.54,48336.09
2025-07-15 13:30:00,209.22,211.13,208.92,209.65,51797.5
2025-07-15 14:00:00,209.65,210.3,209.19,209.35,36998.31
2025-07-15 15:00:00,209.35,211.89,209.26,210.79,47159.0
2025-07-15 16:00:00,210.79,210.99,210.36,210.58,20369.43
2025-07-15 17:00:00,210.56,211.35,210.44,211.28,15999.56
2025-07-15 18:00:00,211.27,211.67,210.43,210.51,22598.35
2025-07-15 19:00:00,210.52,210.69,208.98,209.01,43470.6
2025-07-16 13:30:00,210.3,211.21,209.91,211.07,41181.18
2025-07-16 14:00:00,211.05,212.4,210.48,210.78,61676.5
2025-07-16 15:00:00,210.8,210.99,208.64,209.83,55621.17
2025-07-16 16:00:00,209.85,210.43,209.37,210.39,22368.17
2025-07-16 17:00:00,210.4,210.95,210.19,210.27,20788.42
2025-07-16 18:00:00,210.26,210.47,209.87,210.46,15904.87
2025-07-16 19:00:00,210.46,210.64,209.97,210.15,43051.86
2025-07-17 13:30:00,210.72,211.01,209.97,210.28,38149.98
2025-07-17 14:00:00,210.27,210.6,209.59,210.18,39254.49
2025-07-17 15:00:00,210.18,210.83,210.08,210.65,35905.25
2025-07-17 16:00:00,210.66,211.51,210.53,211.02,44335.78
2025-07-17 17:00:00,211.01,211.5,210.79,211.49,25335.49
2025-07-17 18:00:00,211.49,211.8,210.87,210.94,35706.21
2025-07-17 19:00:00,210.94,211.07,209.74,210.06,69602.8
2025-07-18 13:30:00,210.66,211.01,209.89,210.32,77771.46
2025-07-18 14:00:00,210.38,211.01,209.7,210.47,44054.8
2025-07-18 15:00:00,210.51,211.1,210.42,211.08,29431.12
2025-07-18 16:00:00,211.07,211.79,210.67,211.32,31008.11
2025-07-18 17:00:00,211.32,211.54,210.97,211.09,22749.79
2025-07-18 18:00:00,211.1,211.26,210.76,210.97,19069.72
2025-07-18 19:00:00,210.96,211.35,209.94,211.22,43004.36
2025-07-21 13:30:00,212.14,215.78,211.63,214.0,97714.16
2025-07-21 14:00:00,214.01,215.19,213.28,213.41,74161.93
2025-07-21 15:00:00,213.41,213.71,212.87,213.4,37821.55
2025-07-21 16:00:00,213.39,213.86,213.14,213.56,22196.25
2025-07-21 17:00:00,213.55,213.73,212.88,212.91,22080.17
2025-07-21 18:00:00,212.91,213.43,212.5,213.05,24069.28
2025-07-21 19:00:00,213.07,213.11,212.06,212.54,40712.0
2025-07-22 13:30:00,213.29,214.03,212.23,213.58,55714.57
2025-07-22 14:00:00,213.58,213.77,212.68,213.21,48278.78
2025-07-22 15:00:00,213.21,213.83,212.76,213.27,40828.33
2025-07-22 16:00:00,213.27,213.74,212.84,213.41,30971.71
2025-07-22 17:00:00,213.4,214.48,213.37,213.86,31565.87
2025-07-22 18:00:00,213.86,214.21,213.44,214.17,22699.62
2025-07-22 19:00:00,214.15,214.95,213.82,214.39,54288.53
2025-07-23 13:30:00,215.09,215.15,212.42,212.56,61773.13
2025-07-23 14:00:00,212.56,213.16,212.41,212.66,50042.68
2025-07-23 15:00:00,212.68,213.82,212.65,213.36,39467.37
2025-07-23 16:00:00,213.36,213.72,213.21,213.6,24709.38
2025-07-23 17:00:00,213.59,214.64,213.51,214.46,31399.8
2025-07-23 18:00:00,214.47,214.7,214.25,214.56,25711.24
2025-07-23 19:00:00,214.57,214.63,213.61,214.31,47215.99
2025-07-24 13:30:00,213.9,215.69,213.53,213.83,52473.48
2025-07-24 14:00:00,213.84,214.83,213.56,214.32,46189.58
2025-07-24 15:00:00,214.32,215.5,214.31,214.9,52313.01
2025-07-24 16:00:00,214.89,214.89,214.2,214.68,25608.3
2025-07-24 17:00:00,214.67,215.2,214.56,214.68,19089.61
2025-07-24 18:00:00,214.68,215.21,214.33,214.53,23085.11
2025-07-24 19:00:00,214.52,215.02,213.72,213.76,58146.63
2025-07-25 13:30:00,214.64,214.86,213.8,214.09,36237.43
2025-07-25 14:00:00,214.09,215.24,213.73,214.73,50465.09
2025-07-25 15:00:00,214.73,214.78,214.09,214.24,27211.41
2025-07-25 16:00:00,214.23,214.62,214.05,214.41,20173.55
2025-07-25 17:00:00,214.4,214.51,213.92,213.99,25140.54
2025-07-25 18:00:00,214.0,214.17,213.7,213.79,19055.02
2025-07-25 19:00:00,213.79,214.0,213.4,213.96,46084.7
2025-07-28 13:30:00,214.0,214.67,213.58,213.9,35363.28
2025-07-28 14:00:00,213.93,214.85,213.86,214.42,39429.43
2025-07-28 15:00:00,214.44,214.6,214.12,214.43,23824.22
2025-07-28 16:00:00,214.44,214.75,214.22,214.33,17907.46
2025-07-28 17:00:00,214.34,214.45,213.41,213.74,22596.97
2025-07-28 18:00:00,213.74,213.99,213.06,213.12,23024.56
2025-07-28 19:00:00,213.14,214.1,213.06,214.04,47667.0
2025-07-29 13:30:00,214.16,214.81,211.5,212.54,53634.0
2025-07-29 14:00:00,212.56,213.39,212.07,212.6,51984.76
2025-07-29 15:00:00,212.61,212.77,211.69,212.51,37608.73
2025-07-29 16:00:00,212.51,212.93,211.84,212.18,29783.21
2025-07-29 17:00:00,212.16,212.39,210.89,212.08,32845.54
2025-07-29 18:00:00,212.06,212.44,211.81,211.98,22362.68
2025-07-29 19:00:00,211.97,212.05,211.05,211.35,53899.51
2025-07-30 13:30:00,211.9,212.39,210.02,210.42,34309.41
2025-07-30 14:00:00,210.43,210.88,210.1,210.43,29946.27
2025-07-30 15:00:00,210.44,210.58,209.57,210.16,27486.5
2025-07-30 16:00:00,210.15,210.42,209.51,209.58,19009.34
2025-07-30 17:00:00,209.59,210.15,209.32,209.92,20841.83
2025-07-30 18:00:00,209.92,210.14,208.3,208.35,32012.66
2025-07-30 19:00:00,208.33,209.11,207.72,209.02,54359.07
2025-07-31 13:30:00,208.49,209.45,207.82,208.47,52437.0
2025-07-31 14:00:00,208.44,209.69,208.37,208.99,57538.79
2025-07-31 15:00:00,208.98,209.24,208.07,208.62,41140.25
2025-07-31 16:00:00,208.61,209.38,208.61,209.07,29884.93
2025-07-31 17:00:00,209.07,209.84,208.14,208.31,39051.98
2025-07-31 18:00:00,208.3,209.25,207.58,208.94,41753.39
2025-07-31 19:00:00,208.96,209.39,207.16,207.61,91596.19
2025-08-01 13:30:00,210.95,213.58,206.27,207.05,131274.07
2025-08-01 14:00:00,207.04,207.47,203.62,204.04,127617.23
2025-08-01 15:00:00,204.03,204.6,203.07,203.73,76409.8
2025-08-01 16:00:00,203.71,204.01,201.96,202.09,67527.31
2025-08-01 17:00:00,202.07,202.55,201.5,202.22,59831.65
2025-08-01 18:00:00,202.22,204.33,202.19,203.81,56661.69
2025-08-01 19:00:00,203.81,204.02,202.17,202.27,92239.69
2025-08-04 13:30:00,204.46,206.31,204.19,206.17,65850.14
2025-08-04 14:00:00,206.2,207.88,205.93,207.2,76214.93
2025-08-04 15:00:00,207.2,207.42,205.26,205.29,42822.99
2025-08-04 16:00:00,205.3,205.51,203.86,204.13,49386.62
2025-08-04 17:00:00,204.14,204.48,203.57,203.71,33374.09
2025-08-04 18:00:00,203.72,204.22,202.07,202.59,49469.85
2025-08-04 19:00:00,202.59,203.45,201.67,203.34,98436.06
2025-08-05 13:30:00,203.4,204.26,202.16,203.37,42582.03
2025-08-05 14:00:00,203.35,204.8,202.89,204.23,55312.83
2025-08-05 15:00:00,204.23,205.34,203.67,203.92,43495.38
2025-08-05 16:00:00,203.91,203.94,203.08,203.83,28689.73
2025-08-05 17:00:00,203.83,204.17,203.75,204.03,22886.38
2025-08-05 18:00:00,204.03,204.3,203.19,203.58,25723.29
2025-08-05 19:00:00,203.6,203.68,202.67,202.93,41475.62
2025-08-06 13:30:00,205.63,210.32,205.59,209.55,116517.04
2025-08-06 14:00:00,209.55,212.27,209.5,211.08,120746.16
2025-08-06 15:00:00,211.08,214.9,210.66,214.63,142674.04
2025-08-06 16:00:00,214.64,214.99,213.86,214.49,88448.64
2025-08-06 17:00:00,214.49,215.38,214.04,214.39,63073.27
2025-08-06 18:00:00,214.38,214.93,214.13,214.4,49629.9
2025-08-06 19:00:00,214.4,214.55,212.81,213.25,108760.47
2025-08-07 13:30:00,218.89,220.33,216.58,219.56,155188.72
2025-08-07 14:00:00,219.59,219.99,217.56,219.15,108359.74
2025-08-07 15:00:00,219.15,220.2,218.97,219.61,85611.24
2025-08-07 16:00:00,219.6,220.34,218.8,219.21,70944.14
2025-08-07 17:00:00,219.22,219.61,218.7,219.27,42618.72
2025-08-07 18:00:00,219.28,220.85,219.03,220.43,55034.55
2025-08-07 19:00:00,220.45,220.58,219.24,220.13,87255.72
2025-08-08 13:30:00,220.86,222.3,219.25,222.18,65257.65
2025-08-08 14:00:00,222.19,223.57,221.82,222.96,100493.4
2025-08-08 15:00:00,222.94,226.33,222.9,225.99,103099.47
2025-08-08 16:00:00,226.0,230.56,225.89,229.79,211251.33
2025-08-08 17:00:00,229.78,230.93,228.55,230.25,130039.3
2025-08-08 18:00:00,230.25,231.0,229.07,229.11,80356.85
2025-08-08 19:00:00,229.12,229.69,228.46,229.37,122343.12
2025-08-11 13:30:00,227.93,228.73,224.76,226.04,84428.68
2025-08-11 14:00:00,226.04,227.89,225.83,226.52,59227.15
2025-08-11 15:00:00,226.53,228.96,226.1,228.63,54215.38
2025-08-11 16:00:00,228.63,229.56,228.1,228.4,43101.6
2025-08-11 17:00:00,228.4,228.61,227.01,227.22,38326.21
2025-08-11 18:00:00,227.25,228.18,227.09,227.54,33037.82
2025-08-11 19:00:00,227.54,227.94,226.62,227.27,62193.58
2025-08-12 13:30:00,228.01,229.94,227.07,227.88,62054.74
2025-08-12 14:00:00,227.88,229.72,227.32,229.5,54517.93
2025-08-12 15:00:00,229.53,230.59,228.32,229.7,62009.64
2025-08-12 16:00:00,229.71,230.8,229.45,230.39,33200.26
2025-08-12 17:00:00,230.4,230.71,229.52,229.95,29670.36
2025-08-12 18:00:00,229.95,230.11,229.01,229.29,24274.91
2025-08-12 19:00:00,229.31,230.1,228.92,229.64,49846.37
2025-08-13 13:30:00,231.07,232.19,230.43,231.78,60963.59
2025-08-13 14:00:00,231.75,234.55,231.16,233.6,100419.93
2025-08-13 15:00:00,233.53,233.92,231.68,232.67,58040.32
2025-08-13 16:00:00,232.68,233.4,232.07,232.11,33798.01
2025-08-13 17:00:00,232.12,233.19,231.56,233.11,30491.94
2025-08-13 18:00:00,233.1,235.0,230.8,233.12,82609.8
2025-08-13 19:00:00,233.12,234.33,233.06,233.32,68544.74
2025-08-14 13:30:00,234.01,235.06,232.89,233.41,62954.14
2025-08-14 14:00:00,233.4,233.42,231.54,231.65,56603.66
2025-08-14 15:00:00,231.66,232.3,230.85,231.32,47678.23
2025-08-14 16:00:00,231.33,232.55,231.31,232.49,24743.82
2025-08-14 17:00:00,232.5,233.14,232.45,232.71,24766.27
2025-08-14 18:00:00,232.72,233.37,232.32,232.99,25919.96
2025-08-14 19:00:00,232.99,233.59,232.69,232.83,50727.59
2025-08-15 13:30:00,234.0,234.28,231.8,232.06,68938.47
2025-08-15 14:00:00,232.0,232.69,230.75,230.87,44398.29
2025-08-15 15:00:00,230.87,231.56,230.47,231.03,38762.45
2025-08-15 16:00:00,231.02,231.36,230.47,230.9,24565.07
2025-08-15 17:00:00,230.91,231.23,230.23,230.89,24116.31
2025-08-15 18:00:00,230.89,231.29,229.36,230.77,31473.1
2025-08-15 19:00:00,230.77,231.77,230.59,231.65,47565.46
2025-08-18 13:30:00,231.77,232.73,231.34,232.35,38561.31
2025-08-18 14:00:00,232.35,233.12,230.37,230.51,53132.21
2025-08-18 15:00:00,230.53,231.22,230.47,230.91,27312.76
2025-08-18 16:00:00,230.9,231.11,230.11,230.59,23382.8
2025-08-18 17:00:00,230.59,231.67,230.59,231.08,19941.44
2025-08-18 18:00:00,231.09,231.57,230.94,231.47,18012.39
2025-08-18 19:00:00,231.47,231.68,230.88,230.88,33847.87
2025-08-19 13:30:00,231.28,232.29,230.59,232.07,33509.15
2025-08-19 14:00:00,232.04,232.87,230.78,230.88,40897.79
2025-08-19 15:00:00,230.88,231.66,230.47,231.4,28533.82
2025-08-19 16:00:00,231.39,231.54,230.7,230.72,19162.18
2025-08-19 17:00:00,230.72,230.9,230.06,230.79,20260.12
2025-08-19 18:00:00,230.79,230.79,229.58,229.76,24403.49
2025-08-19 19:00:00,229.76,230.69,229.35,230.56,45000.34
2025-08-20 13:30:00,229.97,230.47,226.5,227.31,50298.69
2025-08-20 14:00:00,227.29,227.78,226.22,226.57,45234.62
2025-08-20 15:00:00,226.54,227.55,226.11,226.56,29389.61
2025-08-20 16:00:00,226.55,227.16,225.89,226.27,24508.38
2025-08-20 17:00:00,226.26,226.85,226.14,226.38,19921.08
2025-08-20 18:00:00,226.38,226.54,225.77,226.08,18798.28
2025-08-20 19:00:00,226.1,227.13,225.92,225.96,45869.68
2025-08-21 13:30:00,226.27,226.52,224.68,225.2,28215.27
2025-08-21 14:00:00,225.2,226.02,225.01,225.29,28157.96
2025-08-21 15:00:00,225.29,225.85,224.51,225.26,28596.98
2025-08-21 16:00:00,225.26,225.28,224.54,224.61,18443.66
2025-08-21 17:00:00,224.62,224.82,223.78,224.56,26436.36
2025-08-21 18:00:00,224.55,224.59,224.09,224.51,17413.84
2025-08-21 19:00:00,224.5,225.25,224.38,224.91,42160.63
2025-08-22 13:30:00,226.17,226.99,225.41,225.98,26402.39
2025-08-22 14:00:00,226.01,228.67,225.97,228.23,55617.45
2025-08-22 15:00:00,228.22,228.72,227.31,227.36,26735.22
2025-08-22 16:00:00,227.35,227.48,226.92,227.24,19337.32
2025-08-22 17:00:00,227.23,229.09,227.16,227.89,39337.15
2025-08-22 18:00:00,227.9,228.52,227.79,228.2,23639.05
2025-08-22 19:00:00,228.2,228.38,227.44,227.75,40915.63
2025-08-25 13:30:00,226.48,229.05,226.23,228.56,36910.5
2025-08-25 14:00:00,228.57,229.24,228.09,228.93,38460.27
2025-08-25 15:00:00,228.93,229.3,228.46,229.16,23211.77
2025-08-25 16:00:00,229.15,229.18,228.34,228.51,16120.3
2025-08-25 17:00:00,228.51,228.76,228.26,228.3,18207.26
2025-08-25 18:00:00,228.31,228.38,227.44,227.55,19567.9
2025-08-25 19:00:00,227.55,227.84,227.12,227.15,33149.72
2025-08-26 13:30:00,226.86,227.05,224.69,225.26,34601.02
2025-08-26 14:00:00,225.27,227.08,224.88,226.62,38862.79
2025-08-26 15:00:00,226.63,227.3,226.55,226.7,19793.38
2025-08-26 16:00:00,226.71,227.97,226.71,227.7,23965.15
2025-08-26 17:00:00,227.71,228.17,227.64,228.0,16254.99
2025-08-26 18:00:00,227.99,228.53,227.9,227.97,18837.99
2025-08-26 19:00:00,227.98,229.49,227.5,229.3,46879.03
2025-08-27 13:30:00,228.69,230.25,228.26,229.8,36351.12
2025-08-27 14:00:00,229.76,230.71,229.29,230.18,42009.83
2025-08-27 15:00:00,230.18,230.34,229.3,229.92,23429.73
2025-08-27 16:00:00,229.92,230.09,229.6,229.78,13877.04
2025-08-27 17:00:00,229.77,230.09,229.67,229.99,13113.38
2025-08-27 18:00:00,229.98,230.68,229.89,230.15,18753.25
2025-08-27 19:00:00,230.16,230.9,229.72,230.5,34350.03
2025-08-28 13:30:00,230.82,230.9,229.33,230.49,31363.31
2025-08-28 14:00:00,230.44,231.91,230.01,231.36,31516.51
2025-08-28 15:00:00,231.36,231.79,230.71,231.56,22825.49
2025-08-28 16:00:00,231.55,232.59,231.41,232.45,26396.48
2025-08-28 17:00:00,232.46,233.38,232.39,233.17,24410.73
2025-08-28 18:00:00,233.16,233.41,232.69,232.87,22453.87
2025-08-28 19:00:00,232.87,233.33,232.48,232.49,48263.82
2025-08-29 13:30:00,232.55,233.38,231.83,232.56,31319.07
2025-08-29 14:00:00,232.58,233.16,231.37,232.88,41412.78
2025-08-29 15:00:00,232.86,233.11,231.4,231.77,35273.12
2025-08-29 16:00:00,231.75,232.96,231.73,232.86,20878.75
2025-08-29 17:00:00,232.85,232.86,231.98,232.33,18580.85
2025-08-29 18:00:00,232.33,232.47,231.97,232.15,17152.09
2025-08-29 19:00:00,232.15,232.84,231.48,232.27,46147.54
2025-09-02 13:30:00,229.25,230.46,227.68,230.19,48188.05
2025-09-02 14:00:00,230.13,230.78,228.0,228.09,42070.55
2025-09-02 15:00:00,228.09,228.44,227.17,227.42,31857.61
2025-09-02 16:00:00,227.41,228.15,227.38,228.02,18232.41
2025-09-02 17:00:00,228.02,229.34,227.85,228.61,18106.15
2025-09-02 18:00:00,228.6,228.9,228.33,228.57,15466.49
2025-09-02 19:00:00,228.57,230.85,226.97,229.73,51456.84
2025-09-03 13:30:00,237.21,237.97,234.36,235.69,98093.03
2025-09-03 14:00:00,235.63,237.6,235.11,237.0,87035.41
2025-09-03 15:00:00,237.02,237.18,235.49,235.62,45251.32
2025-09-03 16:00:00,235.61,237.35,235.52,237.06,31318.66
2025-09-03 17:00:00,237.06,237.9,236.63,237.06,37995.13
2025-09-03 18:00:00,237.06,237.27,236.76,236.94,31449.76
2025-09-03 19:00:00,236.94,238.85,236.8,238.49,87633.83
